nameOrig,max_z_score,total_moved
C197491520,0.0,3776389.09
C195163481,0.0,2604219.11
C1057507014,0.0,2545478.01
C106297322,0.0,2421578.09
C1219553025,0.0,2317408.88
C12139181,0.0,2258388.15
C248483913,0.0,2223005.62
C327840833,0.0,2107293.71
C2007599722,0.0,2061082.82
C136312946,0.0,1918461.7
C355885103,0.0,1867849.02
C1495608502,0.0,1724887.05
C1602785474,0.0,1636507.63
C1739555643,0.0,1628887.72
C476579021,0.0,1538200.39
C926859124,0.0,1505626.01
C1464177809,0.0,1478772.04
C396918327,0.0,1457213.54
C1649847375,0.0,1440296.14
C1520267010,0.0,1429051.47
C1928312257,0.0,1417001.19
C1419332030,0.0,1349670.68
C1334405552,0.0,1277212.77
C467632528,0.0,1277212.77
C1444494461,0.0,1212719.61
C695248316,0.0,1201716.66
C1321115948,0.0,1193410.46
C458998685,0.0,1127058.69
C967677821,0.0,1123206.66
C2029780820,0.0,983479.66
C1765900922,0.0,982862.81
C2144067911,0.0,969631.31
C94830685,0.0,955855.0
C1563053805,0.0,928722.69
C1731137986,0.0,902505.61
C973604791,0.0,902485.36
C605686842,0.0,864389.49
C649630909,0.0,855931.4
C2116179210,0.0,848231.57
C896134613,0.0,839300.36
C1153933106,0.0,799483.57
C883678948,0.0,789419.02
C2015999862,0.0,770537.37
C482307698,0.0,764772.98
C412788346,0.0,761507.39
C220165304,0.0,755499.13
C1172535934,0.0,739112.93
C366916060,0.0,722161.86
C835773569,0.0,710544.77
C1629454900,0.0,700967.19
C679449777,0.0,699928.86
C1514214932,0.0,691738.36
C1177072083,0.0,682894.68
C1335061928,0.0,681093.57
C722417467,0.0,679502.24
C378814088,0.0,669936.4
C345290829,0.0,668237.36
C1618683794,0.0,651387.84
C1135935001,0.0,639378.37
C1846982837,0.0,637161.0
C65080774,0.0,635507.97
C2022689531,0.0,628719.07
C82275756,0.0,621561.65
C2049348234,0.0,614317.64
C1267042315,0.0,607616.73
C1082795132,0.0,607537.17
C1466558382,0.0,605790.2
C752011518,0.0,600581.61
C577734751,0.0,598782.65
C1272115420,0.0,598674.03
C466032056,0.0,596617.87
C1839168128,0.0,583848.46
C843299092,0.0,581294.26
C1906947271,0.0,569068.84
C486759395,0.0,565349.9
C24039137,0.0,562903.81
C1046056441,0.0,556542.19
C1603696865,0.0,554026.99
C2141066548,0.0,548288.31
C1609086753,0.0,540789.56
C566891420,0.0,539430.95
C109065770,0.0,532111.14
C1927963027,0.0,522264.81
C962700314,0.0,521419.58
C388802347,0.0,517915.91
C1640612861,0.0,503333.79
C1957078537,0.0,498960.91
C1191874608,0.0,498178.68
C711310213,0.0,497424.19
C5255258,0.0,494972.01
C242408359,0.0,490341.11
C593447952,0.0,483544.3
C201677908,0.0,480222.51
C358420513,0.0,476934.35
C861522296,0.0,475857.13
C1198197478,0.0,473499.51
C573102881,0.0,473469.94
C704869156,0.0,472609.82
C1193841543,0.0,472385.25
C1338905451,0.0,467177.03
C1734184086,0.0,463722.76
C1125098735,0.0,455440.65
C1164241227,0.0,450465.15
C547441493,0.0,445038.71
C1788034018,0.0,443200.31
C2010070923,0.0,443116.03
C977160959,0.0,438437.09
C727497138,0.0,435589.96
C1076202543,0.0,431381.17
C778806426,0.0,427823.47
C1602167682,0.0,427175.03
C1366722422,0.0,424141.36
C742568993,0.0,422125.99
C501951555,0.0,421520.68
C582300198,0.0,420532.33
C1687354037,0.0,419801.4
C2114629072,0.0,419757.69
C1756819670,0.0,418688.27
C967460257,0.0,416106.78
C749981943,0.0,416001.33
C1318475957,0.0,414285.51
C1523649562,0.0,414238.59
C478182173,0.0,412906.88
C1200048933,0.0,411363.54
C1279740095,0.0,410201.89
C1592840862,0.0,406297.68
C984412970,0.0,404167.6
C848097505,0.0,403418.39
C1373577787,0.0,386683.04
C340789130,0.0,383736.31
C102103410,0.0,383446.61
C1717433286,0.0,380015.14
C1490985125,0.0,379953.15
C1449772539,0.0,379856.23
C1365575811,0.0,378896.52
C347808407,0.0,378703.81
C726212590,0.0,377520.94
C100708535,0.0,377287.8
C254918854,0.0,373185.07
C1047934137,0.0,373068.26
C1061448687,0.0,371883.82
C817490653,0.0,370751.08
C1936550492,0.0,369989.2
C288306765,0.0,367768.4
C1895054149,0.0,365914.64
C1299327689,0.0,365510.05
C1457226878,0.0,363482.02
C1290698656,0.0,361980.67
C908084672,0.0,358831.92
C195970976,0.0,358124.44
C1967496309,0.0,355500.25
C1860886124,0.0,355294.5
C152848959,0.0,354832.51
C1551303995,0.0,353312.93
C1256405521,0.0,352568.35
C564526486,0.0,351854.11
C1493042329,0.0,349640.51
C173791568,0.0,349505.89
C352378889,0.0,348463.93
C706665172,0.0,348186.2
C1453062635,0.0,345698.98
C538667887,0.0,345347.7
C793293778,0.0,344464.4
C605705199,0.0,343189.13
C1591161296,0.0,338964.91
C691691381,0.0,338767.1
C1244880808,0.0,336827.91
C1533330615,0.0,336298.77
C1538462491,0.0,335979.26
C743778731,0.0,335416.51
C1163088324,0.0,334262.17
C1618984457,0.0,334234.39
C1851522556,0.0,333946.96
C1264701638,0.0,332573.12
C1466413743,0.0,331545.25
C1494346128,0.0,330757.04
C1805412777,0.0,328967.35
C961983234,0.0,327686.42
C1597742167,0.0,327066.19
C1950136544,0.0,326349.91
C1648700617,0.0,324397.94
C1458091526,0.0,323105.08
C843867341,0.0,319825.94
C1197721383,0.0,317393.38
C80722676,0.0,315552.62
C1048128739,0.0,315325.25
C1262110193,0.0,314403.14
C464649704,0.0,314134.01
C1552870927,0.0,313373.56
C901689694,0.0,312471.16
C1196963249,0.0,312108.51
C1984094095,0.0,311685.89
C1639765351,0.0,311449.38
C1078262677,0.0,311023.52
C1556461159,0.0,310157.55
C2044825144,0.0,306280.12
C140404585,0.0,302693.14
C1857910993,0.0,302151.25
C211199210,0.0,301706.01
C793319856,0.0,301680.88
C1520491508,0.0,301298.69
C906448455,0.0,300932.58
C1933129092,0.0,300632.87
C712732521,0.0,298109.36
C1968196847,0.0,297448.33
C589363823,0.0,296752.75
C828447060,0.0,291753.7
C1446001495,0.0,289645.52
C1626529981,0.0,289326.88
C312168418,0.0,289272.75
C1094272405,0.0,289203.45
C2035801202,0.0,288838.13
C596333086,0.0,288638.46
C1865617081,0.0,288438.0
C1821010113,0.0,287509.05
C739264372,0.0,287265.38
C10885570,0.0,287126.39
C1481751887,0.0,286803.5
C1962865655,0.0,286737.98
C1999036805,0.0,286590.92
C753426788,0.0,285360.06
C1293462056,0.0,285185.34
C13117403,0.0,283308.0
C852190062,0.0,283123.48
C310276293,0.0,281425.06
C1863655430,0.0,281339.92
C1544614339,0.0,280877.92
C249515830,0.0,279846.24
C212963786,0.0,277807.48
C1871680329,0.0,276460.62
C1417413828,0.0,276094.92
C1568949719,0.0,274108.4
C866273692,0.0,273951.34
C192456457,0.0,273305.73
C1012552887,0.0,272709.33
C1777043124,0.0,271982.1
C1658487789,0.0,271161.74
C500618423,0.0,271002.7
C478209179,0.0,270824.42
C540092563,0.0,269736.99
C1261044180,0.0,267148.82
C1822630059,0.0,265803.38
C795273218,0.0,265763.02
C2017860548,0.0,264361.19
C2069500590,0.0,262392.36
C1045731788,0.0,259753.27
C1769598893,0.0,259096.62
C1278839936,0.0,257348.03
C1774690057,0.0,256773.54
C1601756706,0.0,256481.43
C1560379655,0.0,254895.5
C1655242052,0.0,254399.35
C626626764,0.0,254286.27
C1557989809,0.0,252908.87
C2030121719,0.0,252129.73
C1917442783,0.0,251482.63
C1636178473,0.0,251241.14
C1251219927,0.0,250968.18
C1062181581,0.0,249740.75
C214320652,0.0,249592.99
C1662592920,0.0,248979.22
C281421502,0.0,248196.92
C842331982,0.0,247575.4
C1262237002,0.0,246816.65
C512256603,0.0,245041.35
C1405055124,0.0,244964.08
C1191864687,0.0,244361.81
C1924227192,0.0,242940.23
C1974606907,0.0,241488.05
C2074492901,0.0,239510.08
C859123506,0.0,236825.42
C1747053097,0.0,236747.6
C1511004956,0.0,236343.99
C1366212088,0.0,236277.01
C1672598778,0.0,235564.81
C220432328,0.0,235362.23
C47918293,0.0,235288.68
C4073506,0.0,234268.82
C1739267143,0.0,234094.24
C1963974958,0.0,234052.7
C1612496268,0.0,233255.73
C1037163664,0.0,232953.64
C464872674,0.0,231881.5
C58890945,0.0,230021.01
C24334184,0.0,229982.47
C260638966,0.0,229848.96
C1745903324,0.0,229316.19
C905080434,0.0,229133.94
C57624756,0.0,228710.05
C1614133563,0.0,228451.89
C1445424568,0.0,227768.63
C1394010463,0.0,227478.01
C1621254922,0.0,227335.16
C537265886,0.0,226031.29
C873175411,0.0,224606.64
C641664202,0.0,223848.92
C1112758237,0.0,223744.8
C373097727,0.0,223555.14
C951988316,0.0,223123.71
C2123533871,0.0,222711.47
C870322840,0.0,222126.95
C2032909428,0.0,221693.08
C637091966,0.0,221654.28
C514453513,0.0,221557.88
C1997625595,0.0,221452.04
C2103569615,0.0,221297.05
C1123559518,0.0,220691.42
C1543518287,0.0,220431.09
C811562535,0.0,219220.21
C296234255,0.0,218753.79
C662925691,0.0,217668.38
C1979080261,0.0,217615.09
C2008547236,0.0,216806.48
C338887787,0.0,216133.99
C594651850,0.0,215338.28
C1670993182,0.0,215310.3
C2002174925,0.0,214851.41
C1768127248,0.0,213922.13
C1907241392,0.0,213490.87
C1896074070,0.0,212228.35
C585074510,0.0,211094.41
C1540894701,0.0,211075.91
C684230144,0.0,210650.2
C2121995675,0.0,210370.09
C1515116175,0.0,209859.04
C1556867940,0.0,209711.11
C98351968,0.0,209370.56
C2113243119,0.0,208501.33
C268379633,0.0,208376.61
C178393154,0.0,207283.84
C1894144426,0.0,206955.99
C367967231,0.0,206405.92
C435803541,0.0,206336.47
C2031377754,0.0,206097.65
C1149407083,0.0,205955.77
C1510087865,0.0,205368.78
C1160487387,0.0,205279.62
C1009916891,0.0,204691.97
C334099170,0.0,203283.36
C405252209,0.0,203148.34
C452364286,0.0,202624.59
C1408279755,0.0,202332.08
C2143739483,0.0,201073.81
C913746983,0.0,200774.62
C925568390,0.0,199318.34
C1088491512,0.0,198847.32
C1011599868,0.0,198443.49
C1871542036,0.0,198137.4
C105751207,0.0,197186.52
C1489193907,0.0,197031.04
C26928827,0.0,196725.32
C1107204185,0.0,195490.04
C934740803,0.0,195314.34
C203819996,0.0,194900.16
C698747943,0.0,194620.68
C647973805,0.0,194311.34
C2029372696,0.0,193605.38
C1200546947,0.0,193492.68
C708613859,0.0,193161.04
C2052457859,0.0,191702.06
C1460126155,0.0,191177.92
C1760219993,0.0,190445.51
C1893772493,0.0,189703.56
C1699486292,0.0,189595.83
C815336475,0.0,188238.54
C264978436,0.0,187728.59
C1527152775,0.0,187726.67
C817689537,0.0,186838.95
C976827477,0.0,186447.51
C878598679,0.0,185897.79
C697508322,0.0,184986.8
C1423752095,0.0,183842.53
C205615258,0.0,183816.31
C1195396074,0.0,183250.0
C2108440536,0.0,183074.81
C998242313,0.0,182861.45
C1132379993,0.0,182385.22
C1917082298,0.0,181002.01
C1055601039,0.0,180368.84
C1539947037,0.0,179253.24
C16373883,0.0,179030.05
C1634723627,0.0,178439.26
C767436045,0.0,178370.36
C753631393,0.0,177652.91
C1937693946,0.0,176370.68
C169880779,0.0,176334.26
C24650043,0.0,176149.9
C472234151,0.0,175443.85
C1076855029,0.0,174413.77
C1877986974,0.0,174068.82
C1411543296,0.0,173948.89
C1587872480,0.0,173842.23
C1101598632,0.0,173597.57
C1323514615,0.0,173570.67
C579447973,0.0,173512.93
C1374217958,0.0,172986.7
C1673916398,0.0,171757.76
C121466124,0.0,171683.57
C1033348658,0.0,171508.59
C2123222442,0.0,171369.73
C1816468636,0.0,170207.14
C265577219,0.0,169854.57
C888611662,0.0,169409.87
C2142129482,0.0,169106.97
C1990421361,0.0,166817.98
C1627010197,0.0,166335.32
C1088417975,0.0,163100.34
C882471736,0.0,162665.98
C609887969,0.0,161796.96
C1868809295,0.0,161795.9
C725832346,0.0,161632.16
C593768538,0.0,161613.93
C1586470445,0.0,161445.91
C552674617,0.0,161217.61
C1395073533,0.0,160700.51
C1972143064,0.0,160347.32
C431164562,0.0,159334.62
C43856716,0.0,159270.52
C36531985,0.0,158995.29
C798622145,0.0,158775.58
C1710783020,0.0,157949.72
C973936431,0.0,157883.07
C749604930,0.0,157108.01
C1706272858,0.0,156922.36
C503595296,0.0,156819.6
C1403716230,0.0,155122.86
C1434066477,0.0,155075.41
C980364771,0.0,154716.2
C1482344533,0.0,154611.64
C1269773610,0.0,154578.28
C1677543539,0.0,154442.99
C263833514,0.0,154160.82
C1642679791,0.0,154139.72
C1017792343,0.0,153952.87
C365625031,0.0,152823.85
C1107579932,0.0,152757.58
C178604517,0.0,151862.38
C873309260,0.0,151829.91
C237484673,0.0,151768.14
C215478702,0.0,151764.65
C977997405,0.0,151096.79
C1648582256,0.0,148834.28
C930900166,0.0,147844.59
C1086849943,0.0,147804.02
C12905860,0.0,147543.1
C1617174216,0.0,147388.67
C333879495,0.0,146534.96
C2082509879,0.0,146331.12
C177104018,0.0,145944.67
C677317086,0.0,145095.94
C1380976928,0.0,144964.23
C1936375962,0.0,144659.77
C1453606810,0.0,144366.64
C2108708444,0.0,143405.8
C1862994526,0.0,143236.26
C1824322115,0.0,143148.97
C727197178,0.0,142577.44
C1533547487,0.0,142282.63
C244577237,0.0,141648.13
C576894497,0.0,141131.23
C40875560,0.0,141111.15
C577245010,0.0,139754.72
C1733619456,0.0,139555.44
C2114687352,0.0,139247.62
C2092709730,0.0,139054.95
C1947941827,0.0,138857.19
C1848886161,0.0,137465.55
C533956291,0.0,137209.38
C1533123860,0.0,136872.92
C2036775591,0.0,136030.66
C778337881,0.0,135357.16
C392289808,0.0,135327.21
C1751403001,0.0,135324.19
C1087072654,0.0,134977.11
C702500163,0.0,134426.08
C2024711353,0.0,134143.27
C361571676,0.0,133637.07
C1966670937,0.0,132953.45
C13692003,0.0,132842.64
C1052768296,0.0,132574.0
C702999333,0.0,132457.52
C820587705,0.0,132355.33
C1324514662,0.0,132038.41
C1396385390,0.0,131991.26
C1476235721,0.0,131409.27
C201392112,0.0,131033.44
C841537936,0.0,130905.88
C615853374,0.0,130470.14
C324507700,0.0,129431.13
C50503805,0.0,128487.35
C407493402,0.0,128278.74
C1028472807,0.0,128022.19
C1930837320,0.0,127954.7
C557197074,0.0,127920.4
C1357686726,0.0,126774.5
C1624817884,0.0,126167.7
C1443967876,0.0,125872.53
C1538849250,0.0,125275.0
C452457802,0.0,124832.65
C295640874,0.0,123797.1
C1447353473,0.0,123179.97
C547923534,0.0,123103.74
C918899286,0.0,120556.62
C1157943921,0.0,120234.99
C3886839,0.0,119570.96
C516413619,0.0,119537.32
C989440614,0.0,119352.09
C827328832,0.0,119081.76
C1596009860,0.0,118753.07
C2110558717,0.0,118365.47
C350069300,0.0,118235.16
C1060703587,0.0,118056.71
C1590792382,0.0,117257.18
C1278616846,0.0,117023.79
C1677568775,0.0,116977.58
C1924990666,0.0,116206.75
C599782425,0.0,114712.48
C99770475,0.0,114499.14
C2072130509,0.0,114271.72
C1108706191,0.0,114057.61
C407148497,0.0,113283.13
C1700421020,0.0,112401.53
C510368405,0.0,112193.65
C403547747,0.0,112086.81
C1800500978,0.0,111899.09
C1045985568,0.0,111655.85
C51460663,0.0,111549.83
C768216420,0.0,110414.71
C1475192960,0.0,110226.34
C501608687,0.0,109732.52
C1363800072,0.0,109552.96
C1173340685,0.0,108803.98
C690822257,0.0,108600.78
C1974622245,0.0,108443.61
C795594631,0.0,107421.26
C1523084197,0.0,107308.84
C1298380324,0.0,107292.25
C1793899405,0.0,106847.36
C865858182,0.0,106727.81
C310212872,0.0,106705.8
C1660223291,0.0,106634.77
C487416600,0.0,106267.21
C758572926,0.0,106117.28
C489411441,0.0,105979.34
C480402503,0.0,105759.12
C1826747905,0.0,105647.45
C616443292,0.0,105351.94
C1920305914,0.0,104605.78
C1223050066,0.0,104335.07
C406749219,0.0,103005.78
C1562764987,0.0,102265.88
C2015301874,0.0,102153.86
C1393828949,0.0,101940.14
C1660837991,0.0,101669.17
C203149502,0.0,100677.86
C1636588948,0.0,100588.8
C846274760,0.0,100362.16
C564817260,0.0,100275.09
C1348115836,0.0,100198.77
C1890266440,0.0,99109.77
C1213871206,0.0,98560.08
C1015122628,0.0,98247.27
C1625939772,0.0,96833.52
C1787987889,0.0,96757.4
C9844218,0.0,96178.8
C821342630,0.0,96015.94
C1979055448,0.0,95636.49
C78265654,0.0,94740.26
C61137731,0.0,94726.64
C1247866422,0.0,94527.39
C1878700101,0.0,94332.0
C1910896157,0.0,94296.25
C1718906711,0.0,94253.33
C293474277,0.0,94038.9
C2117642238,0.0,92971.79
C1130551263,0.0,92784.06
C1788380050,0.0,92553.64
C988179589,0.0,92184.04
C553879264,0.0,91611.03
C1531200408,0.0,91457.82
C913065088,0.0,91379.93
C1959758632,0.0,90956.1
C638695843,0.0,90556.08
C660595570,0.0,90340.16
C2018260103,0.0,89962.11
C1807176280,0.0,89327.65
C1233327519,0.0,89038.75
C2014563089,0.0,88987.11
C938463537,0.0,88834.86
C1443675930,0.0,88626.65
C406358588,0.0,87963.9
C1064905627,0.0,87117.29
C662666707,0.0,86410.3
C559998250,0.0,86401.93
C475394679,0.0,86204.31
C460741164,0.0,85423.63
C16148478,0.0,84980.31
C1336775847,0.0,84212.94
C678680178,0.0,84051.0
C119112899,0.0,83859.59
C247162961,0.0,83857.23
C1234905692,0.0,83587.86
C1528834618,0.0,82940.31
C1620409359,0.0,82691.56
C855700733,0.0,82685.93
C322830747,0.0,82564.24
C144699438,0.0,82054.36
C1325866488,0.0,81694.11
C280223635,0.0,81222.77
C324112183,0.0,81029.86
C992743048,0.0,80333.28
C172215878,0.0,80311.89
C1340848245,0.0,79285.8
C1376151044,0.0,78766.03
C1631227617,0.0,78292.91
C207471778,0.0,77957.68
C1032568028,0.0,77642.84
C648315947,0.0,76932.89
C727250772,0.0,76635.24
C749100260,0.0,75752.73
C402808045,0.0,75442.68
C263053820,0.0,75405.1
C379121284,0.0,75043.17
C379124840,0.0,74933.22
C1541942595,0.0,74230.21
C1174586025,0.0,73513.5
C307488715,0.0,73464.06
C1280124872,0.0,73210.99
C1260440107,0.0,73199.1
C1539088279,0.0,72897.92
C1625901537,0.0,72311.62
C990679445,0.0,71991.42
C2082351661,0.0,71532.24
C1467515503,0.0,71275.47
C1964926542,0.0,70543.76
C1751500625,0.0,69708.79
C1312843412,0.0,69490.69
C137123763,0.0,68988.21
C1620529408,0.0,68912.23
C118555812,0.0,68662.06
C748975217,0.0,68332.36
C1448277333,0.0,67200.07
C1541075662,0.0,66413.56
C493944943,0.0,66312.08
C1968552224,0.0,66225.76
C1800967368,0.0,66216.71
C180316302,0.0,65912.95
C1817154869,0.0,65671.39
C1401737458,0.0,65525.9
C1532139270,0.0,65521.42
C2052223881,0.0,65413.89
C114414807,0.0,65025.3
C146874094,0.0,64489.64
C421191743,0.0,63830.49
C1822434669,0.0,63807.17
C1094199074,0.0,63764.9
C1093441885,0.0,63557.19
C632475595,0.0,63255.29
C95369743,0.0,63189.26
C521342639,0.0,63186.93
C837246227,0.0,62983.91
C735228558,0.0,62871.06
C1053744929,0.0,62783.13
C1976401987,0.0,62610.8
C1500379239,0.0,62455.76
C695530017,0.0,62325.15
C1496220730,0.0,62073.54
C948395645,0.0,61858.19
C913806791,0.0,61650.32
C1790387225,0.0,61505.91
C859690270,0.0,61159.51
C376725601,0.0,61150.85
C1925059423,0.0,60850.8
C443713699,0.0,60836.64
C1058822905,0.0,60758.42
C2028036437,0.0,60503.37
C102318785,0.0,60360.45
C876823802,0.0,60215.46
C1886567481,0.0,59531.87
C100445376,0.0,59390.46
C594858858,0.0,58820.08
C8197402,0.0,58516.68
C761863997,0.0,58408.09
C635610193,0.0,57809.81
C1141113940,0.0,57794.61
C1373861264,0.0,57643.24
C1340057206,0.0,57323.56
C1800649922,0.0,57279.11
C1967432164,0.0,57262.72
C1570470538,0.0,56953.9
C557725225,0.0,56912.01
C26357357,0.0,56145.85
C1713546896,0.0,55855.58
C713898436,0.0,55837.16
C1959708563,0.0,55827.09
C332365138,0.0,55536.86
C2007486296,0.0,55105.9
C588449070,0.0,54988.56
C1795468466,0.0,54684.17
C511354923,0.0,53783.57
C1233595751,0.0,53631.83
C1671007220,0.0,53569.21
C565881091,0.0,53560.68
C116184677,0.0,53094.17
C1429616542,0.0,51749.94
C1659515968,0.0,51719.13
C50720817,0.0,51627.39
C788048067,0.0,51284.87
C1431556341,0.0,51121.05
C1933077874,0.0,50938.65
C1740826931,0.0,50101.88
C1784834205,0.0,49661.18
C1232433403,0.0,49177.38
C1818747191,0.0,48252.82
C1492822331,0.0,48169.69
C1195064186,0.0,48134.99
C910504711,0.0,47940.14
C141110631,0.0,47913.58
C983767354,0.0,47564.74
C1113895488,0.0,47529.19
C1733056574,0.0,47477.97
C527211736,0.0,47458.86
C194415222,0.0,46630.53
C1251967187,0.0,46261.02
C553821397,0.0,46179.38
C1263391254,0.0,45864.43
C1042891691,0.0,45756.23
C1060519157,0.0,45317.95
C203409950,0.0,44708.03
C269892014,0.0,44443.08
C1161382705,0.0,43721.1
C749486981,0.0,43670.84
C1174714624,0.0,43198.52
C780843029,0.0,43023.82
C450589816,0.0,42963.87
C226586078,0.0,42922.81
C283039401,0.0,42712.39
C1430199669,0.0,42547.96
C2065886345,0.0,42529.28
C866529530,0.0,42136.28
C1407324654,0.0,41924.75
C1011104118,0.0,41295.56
C1985938863,0.0,40684.97
C428245792,0.0,40149.38
C1299145277,0.0,40030.78
C626193099,0.0,39485.21
C1043639521,0.0,39249.67
C1091107430,0.0,39069.42
C2006835220,0.0,38829.9
C1491522744,0.0,38428.19
C586831282,0.0,38366.56
C1540832538,0.0,38167.0
C1659286984,0.0,38071.17
C2097361633,0.0,37554.62
C1731967318,0.0,37475.31
C15892131,0.0,36651.07
C1492219097,0.0,36448.64
C2120063568,0.0,36437.06
C785306763,0.0,36349.35
C839771540,0.0,35902.49
C1454171136,0.0,35502.25
C1540476618,0.0,35492.2
C1364127192,0.0,35063.63
C1635772897,0.0,35063.63
C504478805,0.0,34918.59
C238467882,0.0,34784.78
C1280641161,0.0,34729.64
C1541046463,0.0,34629.16
C635288507,0.0,34390.85
C537536188,0.0,33782.98
C843686350,0.0,33663.22
C2050320909,0.0,33499.16
C990684641,0.0,33349.84
C375074687,0.0,33269.25
C553759818,0.0,32702.61
C821405322,0.0,32643.79
C407997647,0.0,32635.14
C1122233828,0.0,32325.24
C2116299597,0.0,32132.45
C2111247080,0.0,31922.09
C1144897090,0.0,31646.31
C1230013344,0.0,31188.22
C1946111918,0.0,30811.56
C144445623,0.0,30331.38
C1949126165,0.0,30308.45
C925150995,0.0,29784.06
C987595204,0.0,29587.32
C62739928,0.0,29572.74
C2076249476,0.0,29467.02
C867093003,0.0,28527.44
C2091072548,0.0,28404.6
C1365711624,0.0,28301.88
C1560670039,0.0,28147.47
C809822663,0.0,27845.63
C479734028,0.0,27320.2
C641882263,0.0,27070.11
C2002097394,0.0,27008.84
C1108517064,0.0,26923.42
C1853422837,0.0,26844.84
C746280996,0.0,26759.05
C1365790282,0.0,26516.56
C1198817209,0.0,26295.3
C1965036946,0.0,26112.94
C413373997,0.0,26051.33
C1112456099,0.0,26004.52
C1966355106,0.0,25793.74
C747870628,0.0,25674.03
C1251897263,0.0,25554.79
C864221358,0.0,25090.03
C1275464847,0.0,25071.46
C669700766,0.0,25071.46
C1302725372,0.0,24936.34
C1721576219,0.0,24659.46
C289711450,0.0,24495.45
C1977618945,0.0,24470.43
C1238616099,0.0,24213.67
C422522663,0.0,24105.5
C2072313080,0.0,23261.3
C234223040,0.0,23069.76
C523211332,0.0,22384.21
C1193398802,0.0,22276.0
C258737099,0.0,22043.92
C1329897103,0.0,21902.51
C2029754983,0.0,21898.97
C990870941,0.0,21897.3
C1532800776,0.0,21840.26
C1107404311,0.0,21820.68
C1713605602,0.0,21670.38
C259251414,0.0,21530.96
C1517116047,0.0,21502.38
C609483101,0.0,21255.8
C970781872,0.0,21008.52
C1306085976,0.0,20986.8
C696165690,0.0,20573.4
C429058804,0.0,20560.86
C1118430673,0.0,20128.0
C137533655,0.0,20128.0
C1951500432,0.0,20007.91
C269458366,0.0,19872.97
C792488644,0.0,19772.53
C1572127577,0.0,19741.22
C130166095,0.0,19644.08
C1658785779,0.0,19572.25
C1724814719,0.0,19561.05
C1483145520,0.0,19375.5
C877363600,0.0,19316.5
C25936709,0.0,19162.08
C50072771,0.0,18851.44
C357653585,0.0,18792.11
C893640573,0.0,18781.84
C295055909,0.0,18625.28
C1894698434,0.0,18622.16
C1494277749,0.0,18561.23
C834824701,0.0,18513.77
C818093527,0.0,18510.43
C2054757222,0.0,18437.04
C634156144,0.0,18392.23
C1061018585,0.0,18389.77
C1049590050,0.0,18288.91
C465152579,0.0,18187.81
C622820646,0.0,17994.24
C929706284,0.0,17851.54
C1414744767,0.0,17540.66
C1533672820,0.0,17457.7
C989033734,0.0,17396.31
C1659435106,0.0,17389.94
C229919394,0.0,17373.04
C1705665942,0.0,17348.25
C1243171897,0.0,17231.46
C181252244,0.0,17150.89
C1780293706,0.0,17020.69
C1747371038,0.0,16749.98
C1803890702,0.0,16709.74
C1599823012,0.0,16662.21
C1021565761,0.0,16631.14
C1726715997,0.0,16626.81
C1171255580,0.0,16505.51
C651235118,0.0,16472.92
C1971283804,0.0,16265.77
C1711185459,0.0,15918.79
C1888924788,0.0,15785.85
C278879704,0.0,15751.26
C185164978,0.0,15640.06
C836969741,0.0,15448.0
C46259342,0.0,15350.84
C1928621590,0.0,15266.05
C1847431070,0.0,15152.15
C628392976,0.0,15054.61
C1059300256,0.0,15034.23
C1527882132,0.0,14895.51
C1098568947,0.0,14750.26
C1907467420,0.0,14711.9
C159917166,0.0,14546.65
C1031586763,0.0,14432.6
C1561745898,0.0,14420.66
C1497558532,0.0,14403.17
C1215951090,0.0,14306.8
C205278236,0.0,14204.94
C699871906,0.0,14145.51
C69062746,0.0,14121.82
C1735330400,0.0,14054.64
C463381475,0.0,14025.72
C681639276,0.0,13954.75
C484199463,0.0,13875.98
C1574573264,0.0,13840.98
C163385254,0.0,13833.75
C1870749311,0.0,13812.46
C1400582895,0.0,13812.23
C216376974,0.0,13758.63
C726051009,0.0,13695.83
C681747431,0.0,13693.11
C52913970,0.0,13679.84
C488600086,0.0,13614.91
C1046009438,0.0,13576.03
C275056979,0.0,13527.16
C1637601612,0.0,13525.15
C828610686,0.0,13496.51
C664091267,0.0,13465.91
C1170788511,0.0,13449.95
C315461968,0.0,13427.34
C779598031,0.0,13373.96
C210474732,0.0,13343.47
C2095677157,0.0,13310.78
C1448805967,0.0,13289.87
C1228963996,0.0,13288.84
C437630857,0.0,13268.46
C1091781053,0.0,13259.12
C1726616678,0.0,13252.81
C754072705,0.0,13136.44
C807322507,0.0,12986.61
C1809129176,0.0,12960.72
C2026371507,0.0,12939.66
C425015667,0.0,12872.92
C495857386,0.0,12762.36
C2076829355,0.0,12749.19
C749443480,0.0,12728.46
C1547398254,0.0,12666.68
C707635461,0.0,12621.09
C1998882269,0.0,12617.81
C247795540,0.0,12491.01
C1988746735,0.0,12462.9
C1438000681,0.0,12445.65
C715289224,0.0,12429.59
C896852376,0.0,12426.38
C1389774257,0.0,12401.9
C1356236848,0.0,12363.37
C1250499735,0.0,12336.48
C1498016680,0.0,12271.39
C789982400,0.0,12256.66
C1441243996,0.0,12187.88
C1402531280,0.0,12178.51
C903268937,0.0,12162.01
C1011044643,0.0,12154.7
C1011481270,0.0,12123.91
C1544078442,0.0,12121.5
C605982374,0.0,11996.58
C647149086,0.0,11990.19
C1676888944,0.0,11982.62
C1697281847,0.0,11938.61
C1316001196,0.0,11917.23
C351656492,0.0,11889.61
C371976476,0.0,11881.78
C105321150,0.0,11770.54
C1969856053,0.0,11711.1
C1371400311,0.0,11679.19
C2048537720,0.0,11668.14
C1068445309,0.0,11656.12
C781091365,0.0,11648.5
C1716932897,0.0,11633.76
C130850024,0.0,11508.76
C1923810797,0.0,11491.76
C222300483,0.0,11488.23
C1033880954,0.0,11479.22
C1988939205,0.0,11438.39
C526720216,0.0,11436.9
C1554086576,0.0,11411.34
C698498109,0.0,11353.99
C354605216,0.0,11348.71
C1398508580,0.0,11334.96
C512238546,0.0,11301.82
C2124731287,0.0,11287.39
C233519968,0.0,11261.67
C669725336,0.0,11136.72
C701724503,0.0,11063.08
C1428494531,0.0,10932.41
C559050604,0.0,10891.96
C624693846,0.0,10884.19
C1821100643,0.0,10856.63
C37268876,0.0,10844.67
C1828508781,0.0,10844.33
C1437983537,0.0,10810.73
C768776793,0.0,10782.94
C1495445111,0.0,10777.89
C1299126654,0.0,10757.7
C94682872,0.0,10707.6
C54134077,0.0,10685.2
C1441328175,0.0,10648.06
C949673757,0.0,10627.18
C1659309731,0.0,10498.05
C1717739363,0.0,10497.33
C1427775702,0.0,10430.39
C7395550,0.0,10425.95
C308021294,0.0,10349.31
C507061061,0.0,10287.6
C1236303587,0.0,10286.48
C1709578324,0.0,10285.86
C1306794745,0.0,10266.7
C792855998,0.0,10265.17
C1372137902,0.0,10239.16
C2015007762,0.0,10183.1
C1691629865,0.0,10142.56
C52451302,0.0,10059.7
C2143571436,0.0,10040.52
C1589466857,0.0,9980.32
C741390111,0.0,9945.01
C764826684,0.0,9920.52
C2142893855,0.0,9864.23
C1231006815,0.0,9839.64
C2005706991,0.0,9837.13
C1773008684,0.0,9818.95
C480184864,0.0,9805.46
C976358110,0.0,9800.58
C1594039997,0.0,9796.29
C1956415355,0.0,9778.81
C1543146693,0.0,9762.28
C61426020,0.0,9758.09
C1991094835,0.0,9755.38
C1048712791,0.0,9753.55
C2031927175,0.0,9738.95
C1685134322,0.0,9731.47
C1057468716,0.0,9686.85
C1900366749,0.0,9644.94
C2063786038,0.0,9642.19
C1082528716,0.0,9632.45
C2056234595,0.0,9616.45
C1789282489,0.0,9614.73
C1527007086,0.0,9577.45
C1873121466,0.0,9574.31
C708153797,0.0,9550.43
C211973922,0.0,9549.7
C649769713,0.0,9536.54
C61304908,0.0,9533.48
C1856589162,0.0,9520.02
C1187779195,0.0,9499.4
C597364637,0.0,9491.89
C1314228008,0.0,9479.66
C1671590089,0.0,9478.39
C483525032,0.0,9470.85
C546217718,0.0,9463.48
C65438140,0.0,9460.66
C1688782916,0.0,9456.69
C95685867,0.0,9374.72
C1917562344,0.0,9361.47
C176851829,0.0,9320.15
C827035437,0.0,9314.84
C1396851684,0.0,9305.93
C1566511282,0.0,9302.79
C1157199772,0.0,9273.52
C957923719,0.0,9269.99
C739210872,0.0,9261.94
C1137078855,0.0,9247.18
C707506411,0.0,9198.49
C97901029,0.0,9191.46
C1843743552,0.0,9181.99
C1458621573,0.0,9164.71
C892931811,0.0,9161.98
C286658790,0.0,9160.94
C176955204,0.0,9152.97
C332244937,0.0,9125.93
C331748029,0.0,9119.89
C235151116,0.0,9114.34
C1650955365,0.0,9104.26
C1995952705,0.0,9067.51
C1003755748,0.0,9029.12
C1128158063,0.0,9021.44
C1027319653,0.0,9014.95
C1016633682,0.0,9006.78
C1052127672,0.0,8949.54
C788905599,0.0,8948.03
C1079125839,0.0,8946.63
C1632497828,0.0,8901.99
C68195659,0.0,8901.32
C1488946768,0.0,8865.26
C740467528,0.0,8818.07
C1976166251,0.0,8811.67
C756080817,0.0,8809.04
C767511741,0.0,8807.01
C993420850,0.0,8791.02
C1624788833,0.0,8787.63
C1424439581,0.0,8782.48
C166694583,0.0,8727.74
C215759534,0.0,8716.47
C1832283291,0.0,8703.54
C1785111044,0.0,8690.86
C348132918,0.0,8690.69
C1233505227,0.0,8679.29
C1123321137,0.0,8679.13
C397318359,0.0,8648.45
C2114270481,0.0,8625.97
C1911138454,0.0,8612.28
C1608633989,0.0,8603.42
C1730182538,0.0,8592.89
C1305004711,0.0,8586.98
C443491171,0.0,8553.73
C1795225096,0.0,8550.9
C1164622694,0.0,8539.76
C1484275564,0.0,8531.44
C369805307,0.0,8531.42
C2029645118,0.0,8525.08
C1099552523,0.0,8494.71
C795748540,0.0,8491.9
C967531000,0.0,8440.86
C88301993,0.0,8419.73
C423711439,0.0,8403.66
C738174829,0.0,8380.77
C1358857082,0.0,8378.01
C1767230265,0.0,8364.73
C253348306,0.0,8358.81
C1542598424,0.0,8358.12
C2125470482,0.0,8356.44
C2075372030,0.0,8354.27
C858423246,0.0,8348.75
C2000648320,0.0,8348.1
C1837533591,0.0,8329.3
C156199931,0.0,8309.52
C900298796,0.0,8281.57
C278262050,0.0,8264.22
C438151297,0.0,8233.25
C2080643905,0.0,8227.3
C2042979183,0.0,8212.99
C936628786,0.0,8176.58
C1780399359,0.0,8161.64
C1413886135,0.0,8148.08
C338620258,0.0,8094.53
C701166114,0.0,8092.22
C1856093404,0.0,8092.1
C809860628,0.0,8076.53
C454160179,0.0,8074.16
C763610533,0.0,8009.83
C1053967012,0.0,8009.09
C1186657657,0.0,7977.96
C1645624121,0.0,7965.49
C567656864,0.0,7950.29
C584501954,0.0,7889.84
C1616438581,0.0,7886.77
C847606512,0.0,7883.75
C1202220987,0.0,7870.29
C1655955258,0.0,7868.9
C1912850431,0.0,7861.64
C1333529571,0.0,7848.22
C260084831,0.0,7823.46
C90045638,0.0,7817.71
C883521348,0.0,7813.63
C500230084,0.0,7797.0
C1406848276,0.0,7771.4
C1430207342,0.0,7731.23
C1108889615,0.0,7707.44
C824357143,0.0,7694.63
C1756160273,0.0,7672.12
C1643299824,0.0,7669.42
C1160652496,0.0,7664.12
C577127077,0.0,7659.86
C1112075608,0.0,7652.07
C1129869771,0.0,7649.41
C1031968647,0.0,7648.78
C515520300,0.0,7645.96
C1373949107,0.0,7641.08
C355649049,0.0,7627.89
C489047267,0.0,7625.73
C1805164661,0.0,7600.57
C564086167,0.0,7566.04
C799260198,0.0,7550.29
C209360730,0.0,7546.88
C1175418534,0.0,7541.47
C944752500,0.0,7512.61
C895366343,0.0,7506.65
C214649627,0.0,7452.89
C1269118128,0.0,7444.4
C2061440682,0.0,7417.09
C1470868839,0.0,7413.54
C1533972343,0.0,7394.33
C124494140,0.0,7367.06
C1537689020,0.0,7366.3
C1687087217,0.0,7363.65
C334593716,0.0,7344.92
C1731295355,0.0,7342.63
C913242382,0.0,7322.98
C1533662221,0.0,7315.54
C687501326,0.0,7296.95
C69673470,0.0,7292.16
C1657125852,0.0,7287.73
C701681793,0.0,7276.69
C1424497441,0.0,7273.9
C1057569470,0.0,7272.63
C209360767,0.0,7269.74
C1768882706,0.0,7265.63
C1815370847,0.0,7260.2
C1641672672,0.0,7257.7
C478139423,0.0,7206.33
C1556162268,0.0,7203.07
C616412281,0.0,7163.9
C2062667107,0.0,7155.31
C829737737,0.0,7154.46
C351970188,0.0,7143.2
C2011342562,0.0,7123.18
C154988899,0.0,7107.77
C82825098,0.0,7079.24
C611289995,0.0,7073.6
C1300576734,0.0,7071.77
C2078641942,0.0,7067.9
C486662053,0.0,7020.05
C1748097277,0.0,7017.21
C1771687225,0.0,7003.44
C938613108,0.0,6993.7
C291651850,0.0,6976.97
C373544591,0.0,6973.12
C1114335860,0.0,6969.67
C751021317,0.0,6926.67
C1250582716,0.0,6917.1
C1406253491,0.0,6915.38
C89509666,0.0,6911.99
C1774589469,0.0,6905.9
C1415545023,0.0,6899.83
C80756779,0.0,6891.56
C2128195220,0.0,6872.19
C145066402,0.0,6854.06
C810196347,0.0,6831.38
C1723278948,0.0,6820.53
C864248990,0.0,6811.97
C364704856,0.0,6794.39
C925803196,0.0,6780.78
C1298557761,0.0,6778.32
C1418622705,0.0,6776.93
C67620673,0.0,6765.12
C1313799195,0.0,6757.51
C1454026445,0.0,6737.2
C1250644519,0.0,6730.59
C1377301456,0.0,6688.74
C1877240674,0.0,6683.73
C2075568954,0.0,6675.34
C837073696,0.0,6666.78
C893523498,0.0,6660.33
C380616082,0.0,6623.21
C108982313,0.0,6606.47
C1387620926,0.0,6606.31
C727666004,0.0,6598.71
C47268007,0.0,6577.3
C878861517,0.0,6557.51
C1324262781,0.0,6548.43
C1075996552,0.0,6540.9
C416201381,0.0,6536.86
C1097069005,0.0,6534.05
C15910024,0.0,6525.58
C1264941544,0.0,6523.19
C2011695710,0.0,6522.37
C657069980,0.0,6511.48
C908722588,0.0,6495.27
C1717473929,0.0,6490.17
C1181545730,0.0,6488.6
C1110195322,0.0,6460.86
C639467920,0.0,6456.26
C36627152,0.0,6450.56
C1262609629,0.0,6444.64
C1917784974,0.0,6443.58
C1161148117,0.0,6440.78
C1313960293,0.0,6432.26
C1389432760,0.0,6396.49
C608817143,0.0,6380.75
C1613332278,0.0,6376.99
C2027701910,0.0,6360.79
C1547883191,0.0,6297.71
C1765702,0.0,6287.28
C864326906,0.0,6284.18
C1692523793,0.0,6259.18
C1338958728,0.0,6249.78
C4181455,0.0,6173.13
C1539038539,0.0,6166.35
C1858015030,0.0,6165.58
C810262298,0.0,6159.72
C812168041,0.0,6146.81
C1527086220,0.0,6131.21
C995631377,0.0,6128.41
C399373008,0.0,6113.14
C1700721442,0.0,6099.96
C405741210,0.0,6078.56
C609389093,0.0,6077.94
C1043358826,0.0,6061.13
C252615006,0.0,6057.8
C812143047,0.0,6049.09
C1893563925,0.0,6039.61
C1617156106,0.0,6029.92
C986944742,0.0,6027.22
C302987494,0.0,5998.0
C1455177644,0.0,5983.88
C1814908102,0.0,5947.8
C1930903395,0.0,5946.79
C1926180325,0.0,5937.72
C2083217543,0.0,5936.82
C23053378,0.0,5935.34
C1829460911,0.0,5924.89
C1420810053,0.0,5923.01
C1745608181,0.0,5912.4
C817054343,0.0,5886.25
C840514538,0.0,5885.56
C278476563,0.0,5882.32
C276714561,0.0,5881.78
C1264754451,0.0,5880.33
C2066892165,0.0,5853.21
C665137804,0.0,5843.75
C1992801971,0.0,5842.61
C1028145537,0.0,5831.03
C1353759820,0.0,5829.39
C1390301622,0.0,5812.36
C532677950,0.0,5809.78
C1887466020,0.0,5805.93
C1349025531,0.0,5800.85
C546446235,0.0,5778.99
C204322447,0.0,5775.15
C1943750504,0.0,5770.32
C544966217,0.0,5763.99
C1466917878,0.0,5758.59
C845388562,0.0,5746.44
C167693809,0.0,5711.01
C758465579,0.0,5675.84
C653337757,0.0,5663.87
C708926121,0.0,5655.43
C1714378342,0.0,5655.17
C1055104416,0.0,5635.6
C1038820134,0.0,5633.3
C364480205,0.0,5630.13
C183304529,0.0,5616.1
C948424584,0.0,5607.36
C1520656618,0.0,5601.3
C997695567,0.0,5581.55
C1130346421,0.0,5580.98
C2042884127,0.0,5575.09
C2121317689,0.0,5570.5
C1871312485,0.0,5567.55
C867288517,0.0,5529.13
C1971991758,0.0,5507.18
C1271041075,0.0,5491.5
C32393008,0.0,5485.04
C1989332276,0.0,5480.96
C1552179791,0.0,5462.01
C470132045,0.0,5454.05
C270661321,0.0,5446.88
C1262869688,0.0,5443.26
C1522119751,0.0,5437.85
C1978504976,0.0,5432.09
C989126847,0.0,5430.64
C178603358,0.0,5430.53
C2139168000,0.0,5423.28
C712423434,0.0,5416.8
C696739588,0.0,5403.87
C1878413714,0.0,5392.75
C465909321,0.0,5375.2
C1689458432,0.0,5371.1
C612693043,0.0,5363.35
C691863815,0.0,5363.0
C512549200,0.0,5346.89
C712410124,0.0,5337.77
C1401295795,0.0,5334.81
C1934692470,0.0,5324.43
C1799424291,0.0,5323.28
C1089930529,0.0,5320.1
C1768242710,0.0,5307.88
C2064883371,0.0,5297.36
C1927499639,0.0,5287.68
C1904609259,0.0,5284.56
C1440738283,0.0,5281.48
C521331027,0.0,5272.81
C417797183,0.0,5270.72
C1495407511,0.0,5264.43
C8996952,0.0,5263.67
C1237264838,0.0,5238.73
C1720865719,0.0,5237.7
C1492875057,0.0,5237.54
C42820240,0.0,5223.97
C164714495,0.0,5221.77
C1221981006,0.0,5213.25
C785625589,0.0,5184.9
C1379207867,0.0,5170.23
C374646930,0.0,5169.09
C1562950869,0.0,5157.05
C1207231495,0.0,5154.97
C1955990522,0.0,5149.66
C170106909,0.0,5134.7
C1372422140,0.0,5110.1
C1532409428,0.0,5088.99
C598357562,0.0,5086.48
C1855734078,0.0,5085.47
C692838068,0.0,5077.6
C1229184766,0.0,5072.52
C992086987,0.0,5055.94
C1057307776,0.0,5033.02
C247113419,0.0,5031.22
C1074630954,0.0,5018.24
C1088744071,0.0,4993.81
C1805443519,0.0,4946.03
C1459016715,0.0,4940.2
C1398260359,0.0,4932.54
C972843820,0.0,4920.42
C2144334265,0.0,4911.89
C1131592118,0.0,4910.14
C1069584108,0.0,4898.07
C94748968,0.0,4881.52
C1969347346,0.0,4881.15
C811207775,0.0,4874.49
C130721104,0.0,4867.56
C560465923,0.0,4852.65
C953528583,0.0,4845.31
C1164365897,0.0,4843.93
C1970377948,0.0,4843.76
C1060042118,0.0,4833.96
C1519911160,0.0,4828.64
C247644034,0.0,4828.43
C879311295,0.0,4804.68
C424786033,0.0,4802.31
C955611965,0.0,4779.93
C1499418021,0.0,4764.33
C347091104,0.0,4749.6
C183259297,0.0,4682.74
C1410367298,0.0,4651.67
C1110698130,0.0,4635.18
C827579900,0.0,4632.68
C1526062841,0.0,4617.63
C175595853,0.0,4593.59
C1677984391,0.0,4591.98
C1408533352,0.0,4573.12
C201274566,0.0,4565.14
C1121072891,0.0,4552.47
C999647352,0.0,4531.55
C99132505,0.0,4522.66
C1504321715,0.0,4518.42
C280615803,0.0,4510.22
C1991290395,0.0,4508.96
C533173186,0.0,4504.48
C1278002745,0.0,4497.87
C1596653154,0.0,4497.03
C1746570062,0.0,4493.29
C1418851979,0.0,4479.63
C262815725,0.0,4476.2
C528877978,0.0,4471.34
C932885627,0.0,4451.95
C429804587,0.0,4449.8
C1103666479,0.0,4448.53
C1940912369,0.0,4447.55
C1184694332,0.0,4444.35
C201804812,0.0,4440.79
C583559449,0.0,4433.98
C1423016050,0.0,4419.04
C648630181,0.0,4416.74
C533415944,0.0,4402.86
C1865219266,0.0,4391.44
C703555670,0.0,4376.46
C54960993,0.0,4355.66
C890160158,0.0,4347.78
C1827303532,0.0,4337.08
C1469907228,0.0,4322.17
C1423768154,0.0,4316.2
C908384914,0.0,4306.89
C414225167,0.0,4304.58
C981159997,0.0,4297.27
C1690481990,0.0,4279.07
C1300132917,0.0,4273.56
C1882116496,0.0,4273.0
C1202042637,0.0,4270.02
C1642356615,0.0,4261.17
C519303080,0.0,4252.82
C1924966548,0.0,4247.14
C280531669,0.0,4244.4
C2108318195,0.0,4242.85
C737104370,0.0,4233.45
C198098993,0.0,4227.19
C665565246,0.0,4215.08
C1227224309,0.0,4213.36
C215078753,0.0,4206.84
C1470911015,0.0,4182.93
C2100771791,0.0,4170.82
C1151512955,0.0,4163.82
C697460450,0.0,4149.86
C1938025186,0.0,4145.04
C500885941,0.0,4111.34
C1712230656,0.0,4108.8
C98412281,0.0,4099.91
C1026483832,0.0,4098.78
C244872973,0.0,4088.21
C862025017,0.0,4086.5
C1478334108,0.0,4074.17
C20156341,0.0,4059.38
C200404000,0.0,4059.25
C623051334,0.0,4052.14
C1538511917,0.0,4043.76
C1800693087,0.0,4040.84
C2115087165,0.0,4029.56
C1265012928,0.0,4024.36
C1008608255,0.0,4018.12
C455888635,0.0,4013.02
C855547146,0.0,4008.01
C1334618867,0.0,3984.3
C977522995,0.0,3970.45
C2044337856,0.0,3943.17
C502891368,0.0,3942.44
C920446957,0.0,3941.6
C15477956,0.0,3930.81
C703627308,0.0,3923.32
C762509150,0.0,3903.48
C751608431,0.0,3896.42
C2081269248,0.0,3876.42
C504336483,0.0,3876.41
C1252540239,0.0,3875.99
C683718244,0.0,3865.44
C1624351535,0.0,3854.92
C1802736936,0.0,3854.39
C472991420,0.0,3852.64
C1830969563,0.0,3850.6
C565079667,0.0,3835.42
C1205419533,0.0,3830.45
C1502668485,0.0,3825.39
C243575009,0.0,3823.08
C1791267914,0.0,3821.75
C375097969,0.0,3801.74
C494894055,0.0,3791.28
C602858680,0.0,3782.98
C2021053848,0.0,3766.99
C2006842965,0.0,3758.16
C1638249646,0.0,3743.03
C1475759966,0.0,3734.21
C671596011,0.0,3705.83
C1167088639,0.0,3704.97
C823758059,0.0,3688.28
C1657842786,0.0,3677.29
C1532554556,0.0,3673.1
C361380654,0.0,3671.32
C1544895390,0.0,3666.42
C2030138610,0.0,3644.85
C822232612,0.0,3644.12
C2081964843,0.0,3637.13
C296541232,0.0,3635.93
C1511180072,0.0,3631.87
C1758893871,0.0,3626.96
C274100821,0.0,3623.4
C2094115865,0.0,3620.25
C773296871,0.0,3611.72
C635611994,0.0,3608.41
C226690498,0.0,3605.26
C1513029997,0.0,3601.28
C368153528,0.0,3599.77
C833240229,0.0,3584.21
C1579132337,0.0,3580.26
C2123914473,0.0,3563.36
C161113555,0.0,3559.49
C369901249,0.0,3558.79
C307411297,0.0,3551.48
C1596144422,0.0,3548.72
C328197868,0.0,3545.37
C2047984839,0.0,3537.25
C1902801188,0.0,3533.32
C2088582214,0.0,3511.45
C1224064486,0.0,3500.0
C1613514326,0.0,3499.43
C231725600,0.0,3486.78
C1999135802,0.0,3485.64
C438228197,0.0,3468.74
C1240412896,0.0,3466.83
C1245593227,0.0,3464.41
C192428201,0.0,3455.85
C686349795,0.0,3454.08
C2103763750,0.0,3448.92
C1834031967,0.0,3445.96
C1317375498,0.0,3428.95
C1651754404,0.0,3418.07
C191945292,0.0,3417.18
C1103505488,0.0,3399.78
C612716569,0.0,3399.54
C1967617997,0.0,3396.25
C1029898472,0.0,3393.22
C95322593,0.0,3390.74
C1370224403,0.0,3383.61
C247515192,0.0,3380.1
C967323951,0.0,3372.29
C1369468094,0.0,3364.48
C1626852381,0.0,3316.21
C711197015,0.0,3295.19
C1632789609,0.0,3292.21
C1296910502,0.0,3285.68
C310792845,0.0,3283.87
C1746257394,0.0,3269.72
C558404860,0.0,3269.57
C619241052,0.0,3256.43
C1080167822,0.0,3239.95
C1605988985,0.0,3238.39
C104261836,0.0,3222.32
C454440929,0.0,3218.06
C832292933,0.0,3199.06
C1443173326,0.0,3193.99
C1182311147,0.0,3179.7
C404586280,0.0,3176.52
C237373286,0.0,3154.06
C923083575,0.0,3146.16
C1531175283,0.0,3129.06
C548795052,0.0,3111.86
C422409467,0.0,3101.33
C249177573,0.0,3099.97
C678962690,0.0,3065.41
C1491860739,0.0,3060.54
C1694784135,0.0,3058.8
C848958019,0.0,3051.76
C2051598050,0.0,3043.27
C1075082007,0.0,3041.43
C1892869131,0.0,3039.84
C1434015813,0.0,3035.35
C1909398279,0.0,3026.98
C1761217448,0.0,3020.86
C1987354705,0.0,3014.72
C439232821,0.0,3014.54
C440736059,0.0,3007.83
C677120200,0.0,2998.2
C71802912,0.0,2998.04
C46941357,0.0,2970.97
C628064884,0.0,2946.38
C2083854344,0.0,2937.34
C121678773,0.0,2935.86
C456785282,0.0,2918.83
C800497654,0.0,2891.7
C854653864,0.0,2881.51
C1531182070,0.0,2880.68
C1970779713,0.0,2875.66
C1412322831,0.0,2875.1
C594916129,0.0,2873.37
C754527431,0.0,2871.89
C1556520190,0.0,2869.65
C1404834600,0.0,2869.11
C975033189,0.0,2867.14
C1244867001,0.0,2858.89
C1674403916,0.0,2851.83
C1760401098,0.0,2850.6
C1919125229,0.0,2821.51
C1346197173,0.0,2807.73
C1420196421,0.0,2806.0
C2101527076,0.0,2806.0
C1129433283,0.0,2803.83
C245530164,0.0,2801.1
C923341586,0.0,2791.42
C724028528,0.0,2786.6
C191568263,0.0,2773.61
C1692375649,0.0,2771.16
C458817438,0.0,2763.95
C2093319848,0.0,2756.3
C1530957251,0.0,2755.96
C1428726828,0.0,2743.55
C1008612116,0.0,2738.86
C1502079282,0.0,2736.66
C802255644,0.0,2736.35
C1756207614,0.0,2734.77
C1586151649,0.0,2731.37
C1412656257,0.0,2725.19
C1647402786,0.0,2724.24
C1195542839,0.0,2713.67
C1710191146,0.0,2691.57
C1725054538,0.0,2685.44
C936906727,0.0,2676.97
C1164394344,0.0,2673.64
C164439551,0.0,2671.31
C1089680530,0.0,2650.82
C1957282992,0.0,2645.88
C237297104,0.0,2644.63
C1342374939,0.0,2644.54
C1574509514,0.0,2643.45
C460570271,0.0,2641.47
C596779307,0.0,2637.07
C1489831627,0.0,2635.06
C1290614253,0.0,2633.08
C1068945248,0.0,2618.76
C1528769018,0.0,2610.01
C885910946,0.0,2599.46
C1279469670,0.0,2588.24
C1037475674,0.0,2586.39
C800456240,0.0,2571.49
C1648232591,0.0,2560.74
C1590129041,0.0,2560.3
C37400149,0.0,2552.79
C48305285,0.0,2528.1
C22668134,0.0,2515.46
C1835841364,0.0,2501.21
C1120670624,0.0,2488.09
C740007499,0.0,2469.75
C798278875,0.0,2466.95
C1340086277,0.0,2453.34
C1002041276,0.0,2444.49
C1009218257,0.0,2432.88
C803893384,0.0,2426.31
C1921553024,0.0,2419.45
C930317866,0.0,2407.47
C3565780,0.0,2397.82
C614580607,0.0,2392.53
C1091234211,0.0,2380.46
C535352603,0.0,2380.21
C1409342262,0.0,2364.34
C1454870101,0.0,2364.01
C409565350,0.0,2358.63
C2041996211,0.0,2357.63
C2083154356,0.0,2356.99
C1458748394,0.0,2344.79
C79161706,0.0,2340.34
C816944408,0.0,2330.64
C1956746660,0.0,2312.71
C1079190991,0.0,2304.2
C1111379131,0.0,2290.73
C49318987,0.0,2284.54
C115086468,0.0,2279.65
C1887699190,0.0,2278.19
C1642973315,0.0,2272.54
C96039159,0.0,2271.34
C1690050988,0.0,2270.41
C224060798,0.0,2266.02
C843959601,0.0,2261.24
C104716441,0.0,2252.44
C2099932844,0.0,2248.26
C194107588,0.0,2245.62
C2023917549,0.0,2231.28
C1658020779,0.0,2223.41
C1615801298,0.0,2204.04
C988690806,0.0,2195.63
C1811880447,0.0,2193.94
C467313213,0.0,2186.58
C589309113,0.0,2185.54
C453671855,0.0,2168.8
C732597634,0.0,2167.26
C1136005694,0.0,2148.89
C202064342,0.0,2147.21
C540923243,0.0,2141.82
C300811000,0.0,2134.11
C1987977423,0.0,2131.84
C847320212,0.0,2130.3
C685934,0.0,2099.59
C1324173038,0.0,2075.94
C1486553742,0.0,2074.51
C718512571,0.0,2073.2
C1572745406,0.0,2063.77
C896138248,0.0,2057.71
C1478995734,0.0,2056.59
C1376017854,0.0,2054.84
C259077766,0.0,2033.14
C1556061855,0.0,2020.04
C1710228600,0.0,2011.81
C567852222,0.0,1987.4
C1943444495,0.0,1982.04
C691779749,0.0,1979.94
C2019157894,0.0,1977.17
C889422145,0.0,1950.77
C1959451969,0.0,1928.55
C505968231,0.0,1919.77
C822087264,0.0,1915.43
C306674056,0.0,1902.02
C1360533184,0.0,1898.84
C1725266971,0.0,1897.66
C10915321,0.0,1892.34
C1235635586,0.0,1889.41
C1509309988,0.0,1876.44
C255941269,0.0,1873.13
C1666544295,0.0,1864.28
C1130598644,0.0,1854.51
C939254952,0.0,1849.56
C851480926,0.0,1834.74
C1384563514,0.0,1824.59
C1862674654,0.0,1815.83
C1248276879,0.0,1810.88
C1925785585,0.0,1810.41
C1016856028,0.0,1795.67
C959834536,0.0,1795.14
C1687627235,0.0,1741.24
C1824570614,0.0,1737.12
C1848163207,0.0,1730.16
C603658030,0.0,1718.29
C2107706203,0.0,1703.38
C1052842393,0.0,1697.56
C1481594086,0.0,1684.81
C745627268,0.0,1683.95
C1548271808,0.0,1679.68
C764358458,0.0,1672.55
C667890001,0.0,1668.11
C889928215,0.0,1667.88
C701487403,0.0,1658.87
C1663488386,0.0,1647.93
C600017090,0.0,1639.33
C1074844820,0.0,1635.86
C1158124724,0.0,1624.03
C773348567,0.0,1617.97
C1004430079,0.0,1617.9
C1260487756,0.0,1616.52
C912966811,0.0,1614.64
C1346354118,0.0,1592.5
C1100619942,0.0,1586.28
C1624211687,0.0,1582.67
C961859592,0.0,1580.66
C820878444,0.0,1576.78
C298724898,0.0,1573.42
C761750706,0.0,1563.82
C2135790485,0.0,1557.98
C1660325375,0.0,1553.21
C443502884,0.0,1548.73
C904208473,0.0,1534.54
C2134915053,0.0,1533.55
C1302877661,0.0,1532.35
C788892554,0.0,1530.83
C1124317168,0.0,1527.08
C869290854,0.0,1471.39
C641030345,0.0,1461.06
C1429483328,0.0,1460.63
C93798665,0.0,1456.09
C1166230227,0.0,1449.03
C207546206,0.0,1445.06
C490630452,0.0,1439.72
C709439274,0.0,1432.47
C1904273153,0.0,1420.96
C1671816300,0.0,1393.49
C79290250,0.0,1393.46
C1818449913,0.0,1383.56
C800493254,0.0,1380.95
C20804602,0.0,1373.43
C1155769010,0.0,1341.58
C1774468680,0.0,1335.03
C1997357673,0.0,1328.59
C1663738275,0.0,1313.6
C1197498159,0.0,1298.7
C435297131,0.0,1285.04
C648358364,0.0,1284.49
C626393072,0.0,1280.14
C173738886,0.0,1271.77
C1053632127,0.0,1267.97
C636959006,0.0,1260.62
C838800272,0.0,1253.6
C1404669942,0.0,1252.27
C1002911155,0.0,1246.74
C1574873161,0.0,1239.06
C1302141801,0.0,1238.08
C1574615832,0.0,1234.0
C191310504,0.0,1231.79
C1174881426,0.0,1220.37
C1006624255,0.0,1213.64
C1692073709,0.0,1209.64
C922807452,0.0,1203.44
C1844579038,0.0,1203.13
C1177101170,0.0,1196.9
C1807894765,0.0,1193.24
C562561015,0.0,1180.55
C1166106620,0.0,1175.59
C1237762639,0.0,1157.86
C1360541835,0.0,1157.05
C1156210828,0.0,1153.98
C1119242936,0.0,1150.14
C151515831,0.0,1146.72
C156711739,0.0,1122.14
C1220759559,0.0,1118.1
C894421232,0.0,1117.34
C1565713391,0.0,1117.17
C1868578441,0.0,1101.09
C1132369181,0.0,1098.78
C221861886,0.0,1097.74
C2061226112,0.0,1091.54
C854989361,0.0,1089.31
C1660451908,0.0,1088.94
C2059592603,0.0,1084.9
C2056566350,0.0,1066.91
C1768952842,0.0,1066.04
C1959239586,0.0,1065.41
C1406206626,0.0,1063.53
C438123546,0.0,1056.64
C1105090408,0.0,1053.13
C1851255134,0.0,1045.63
C806813022,0.0,1035.36
C223975178,0.0,1033.44
C539240764,0.0,1020.89
C1799230133,0.0,1019.9
C1926027290,0.0,1017.85
C1377160602,0.0,1012.86
C143295000,0.0,1012.84
C2145420209,0.0,1009.43
C2054451662,0.0,1006.76
C1721045976,0.0,1002.96
C1285463992,0.0,997.34
C1839206329,0.0,996.0
C1548946718,0.0,993.46
C1990733619,0.0,973.18
C1095947149,0.0,964.77
C1831141281,0.0,962.43
C1076966140,0.0,950.25
C208184824,0.0,917.38
C1095203437,0.0,911.27
C1627781283,0.0,909.33
C1225353990,0.0,900.37
C1623060829,0.0,895.24
C294658299,0.0,893.57
C1893899796,0.0,892.53
C1027569178,0.0,885.9
C1997344422,0.0,881.26
C534753234,0.0,879.42
C1003206025,0.0,871.75
C1523510420,0.0,865.77
C1368862151,0.0,864.68
C988904418,0.0,848.74
C324579982,0.0,846.91
C1629353699,0.0,829.07
C2039984535,0.0,823.36
C451959555,0.0,818.99
C1630841930,0.0,804.16
C1850874910,0.0,795.29
C497479191,0.0,793.64
C288919635,0.0,760.21
C1123236701,0.0,749.34
C1547817015,0.0,749.26
C1406004470,0.0,727.94
C720770771,0.0,708.82
C1653751526,0.0,708.59
C1456061400,0.0,704.74
C402207819,0.0,700.86
C424944647,0.0,698.41
C2112135199,0.0,689.85
C2033524545,0.0,671.64
C1943855334,0.0,664.35
C1691858720,0.0,663.34
C948960194,0.0,663.34
C743648472,0.0,661.43
C755328698,0.0,660.52
C951677655,0.0,652.67
C1217312754,0.0,648.64
C1884422865,0.0,642.26
C1275009283,0.0,636.95
C401891515,0.0,635.55
C91220956,0.0,634.41
C615954678,0.0,625.92
C1976602906,0.0,624.61
C1393198164,0.0,624.1
C1328323494,0.0,622.15
C1958592872,0.0,619.24
C1644864746,0.0,613.83
C494953170,0.0,598.24
C1890287843,0.0,593.4
C2117193231,0.0,588.33
C712627377,0.0,584.52
C131037934,0.0,561.01
C1007660652,0.0,553.25
C1627883152,0.0,527.15
C1389509050,0.0,507.12
C2111882926,0.0,502.61
C426019904,0.0,466.97
C1420012431,0.0,450.55
C1424788681,0.0,449.97
C791408866,0.0,429.42
C85357160,0.0,413.84
C1082865087,0.0,413.4
C1237144823,0.0,402.54
C1241938981,0.0,399.66
C1210939243,0.0,374.36
C872522004,0.0,372.34
C600958416,0.0,365.0
C2086068243,0.0,360.13
C1746117425,0.0,353.9
C1244815033,0.0,351.26
C882646447,0.0,339.82
C1835316563,0.0,328.07
C1187410086,0.0,320.53
C1395262169,0.0,300.41
C1985028494,0.0,282.42
C732189840,0.0,280.59
C1227867806,0.0,272.8
C1960253514,0.0,271.77
C619985571,0.0,270.78
C103787801,0.0,266.88
C1296928719,0.0,261.95
C544386226,0.0,244.87
C476973576,0.0,244.09
C1482166692,0.0,233.76
C3392189,0.0,226.29
C1288108586,0.0,207.75
C1167327028,0.0,194.4
C773238925,0.0,186.33
C1305486145,0.0,181.0
C840083671,0.0,181.0
C1527254842,0.0,154.87
C1265053098,0.0,151.2
C1816397102,0.0,150.07
C467401150,0.0,141.87
C32496853,0.0,137.88
C307605969,0.0,132.42
C167013780,0.0,112.56
C1810518740,0.0,106.81
C474933596,0.0,102.37
C981487964,0.0,96.32
C1100109058,0.0,84.22
C2034975583,0.0,79.26
C235370598,0.0,58.21
C98974893,0.0,42.0
C343345308,0.0,38.66
C1688770224,0.0,27.55
C1257299717,0.0,25.12
C273777019,0.0,23.31
C1730337646,0.0,15.06
C38603201,0.0,8.73
